<?xml version='1.0' encoding='utf-8'?>

<!DOCTYPE hibernate-configuration PUBLIC
  "-//Hibernate/Hibernate Configuration DTD 3.0//EN"
  "http://www.hibernate.org/dtd/hibernate-configuration-3.0.dtd">

<hibernate-configuration>
  <session-factory>

    <property name="connection.driver_class">org.h2.Driver</property>
    <property name="connection.url">jdbc:h2:test-hibernate</property>
    <property name="connection.username"/>
    <property name="connection.password"/>

    <property name="hibernate.default_schema">PUBLIC</property>
    <property name="connection.pool_size">1</property>
    <property name="dialect">org.hibernate.dialect.H2Dialect</property>
    <property name="show_sql">true</property>
    <property name="hbm2ddl.auto">create</property>

    <property name="hibernate.cache.use_second_level_cache">true</property>
    <property name="hibernate.cache.region.factory_class">
      com.hazelcast.hibernate.HazelcastCacheRegionFactory
    </property>

    <mapping class="data.City"/>
  </session-factory>

</hibernate-configuration>